連番,氏名,氏名（カタカナ）,氏名（ローマ字）,性別,電話番号,携帯電話,メールアドレス,郵便番号,住所,,,,,住所（カタカナ）,,,,,住所（ローマ字）,,,,,生年月日,年齢,血液型
1,永島寅雄,ナガシマトラオ,NagashimaTorao,男,0193212307,08096595725,toraonagashima@ezpdvlrlra.ky,020-0585,岩手県,岩手郡雫石町,長山,3-7,シティ長山303,イワテケン,イワテグンシズクイシチョウ,ナガヤマ,3-7,シティナガヤマ303,Iwateken,Iwategunshizukuishichou,Nagayama,3-7,Shiteinagayama303,1950/09/30,69,A
2,佐川芽衣,サガワメイ,SagawaMei,女,0325594878,08046554275,mei14346@riymauspjk.io.uxz,105-0011,東京都,港区,芝公園,1-4-14,,トウキョウト,ミナトク,シバコウエン,1-4-14,,Toukyouto,Minatoku,Shibakouen,1-4-14,,1969/07/03,50,A
3,大場美明,オオバヨシアキ,OobaYoshiaki,男,0858965096,09071427969,iooba@zgjxrpcrcq.briln.xu,680-0206,鳥取県,鳥取市,国府町栃本,3-8-7,,トットリケン,トットリシ,コクフチョウトチモト,3-8-7,,Tottoriken,Tottorishi,Kokufuchoutochimoto,3-8-7,,1965/01/07,55,O
4,上山一輝,カミヤマカズキ,KamiyamaKazuki,男,0558546418,,kazukikamiyama@imeqlzl.deu,410-3616,静岡県,賀茂郡松崎町,石部,2-5-10,,シズオカケン,カモグンマツザキチョウ,イシブ,2-5-10,,Shizuokaken,Kamogunmatsuzakichou,Ishibu,2-5-10,,1937/01/25,83,AB
5,久保田太翼,クボタタイスケ,KubotaTaisuke,男,0553229469,09052919359,imyivmmgnvtdtaisuke7911@jbrrsetl.bfqil.ndj,405-0062,山梨県,笛吹市,一宮町金沢,4-20-6,タウン一宮町金沢201,ヤマナシケン,フエフキシ,イチノミヤチョウカナザワ,4-20-6,タウンイチノミヤチョウカナザワ201,Yamanashiken,Fuefukishi,Ichinomiyachoukanazawa,4-20-6,Taunichinomiyachoukanazawa201,1998/01/16,22,A
6,野村沙耶香,ノムラサヤカ,NomuraSayaka,女,0884631525,,sayaka893@oorcfrei.xxx.gqt,785-0216,高知県,高岡郡津野町,杉ノ川丙,4-15-12,,コウチケン,タカオカグンツノチョウ,スギノカワヘイ,4-15-12,,Kouchiken,Takaokaguntsunochou,Suginokawahei,4-15-12,,1940/07/09,79,O
7,妹尾亘,セノオワタル,SenooWataru,男,0960466629,08037061646,usenoo@juxwrmddp.rjh,865-0002,熊本県,玉名市,箱谷,1-14-3,,クマモトケン,タマナシ,ハコダニ,1-14-3,,Kumamotoken,Tamanashi,Hakodani,1-14-3,,1933/01/09,87,A
8,伊沢真紗子,イザワマサコ,IzawaMasako,女,0768019749,,oizawa@cerplhjdla.cmc,928-0213,石川県,輪島市,町野町舞谷,2-3-4,,イシカワケン,ワジマシ,マチノマチマイダニ,2-3-4,,Ishikawaken,Wajimashi,Machinomachimaidani,2-3-4,,1941/08/12,78,AB
9,日野洋一,ヒノヨウイチ,HinoYouichi,男,087135461,09025939189,youichi77379@gknpgpxu.yblg.ik,769-2520,香川県,東かがわ市,馬篠,1-8-19,コート馬篠306,カガワケン,ヒガシカガワシ,ウマシノ,1-8-19,コートウマシノ306,Kagawaken,Higashikagawashi,Umashino,1-8-19,Ko-toumashino306,1982/12/09,37,A
10,及川結奈,オイカワユウナ,OikawaYuuna,女,0407158748,,vnsxqlmt=kyuuna806@xodqzitdc.ed.niu,367-0204,埼玉県,本庄市,児玉町蛭川,3-9-18,,サイタマケン,ホンジョウシ,コダマチョウヒルガワ,3-9-18,,Saitamaken,Honjoushi,Kodamachouhirugawa,3-9-18,,2006/02/07,14,A
11,島徳次郎,シマトクジロウ,ShimaTokujirou,男,0538585080,,tokujirou47419@ebssnrnoir.qr,424-0806,静岡県,静岡市清水区,辻,1-20-15,,シズオカケン,シズオカシシミズク,ツジ,1-20-15,,Shizuokaken,Shizuokashishimizuku,Tsuji,1-20-15,,1922/05/14,98,A
12,児島憲司,コジマケンジ,KojimaKenji,男,0592074036,09021448504,kenjikojima@lbwurvsich.ubp,515-0314,三重県,多気郡明和町,新茶屋,2-16,,ミエケン,タキグンメイワチョウ,シンチャヤ,2-16,,Mieken,Takigunmeiwachou,Shinchaya,2-16,,1973/08/01,46,A
13,斉藤沙菜,サイトウサナ,SaitouSana,女,0749392615,08025779696,hpmnmr-ytgsana2497@oaquc.fk,521-1212,滋賀県,東近江市,種町,2-7-10,種町テラス410,シガケン,ヒガシオウミシ,タネチョウ,2-7-10,タネチョウテラス410,Shigaken,Higashioumishi,Tanechou,2-7-10,Tanechouterasu410,1987/09/16,32,O
14,福本真美,フクモトマミ,FukumotoMami,女,0832210506,08080911777,mami914@ucpelniabp.zl,758-0305,山口県,萩市,吉部下,4-9-11,プレシャス吉部下303,ヤマグチケン,ハギシ,キベシモ,4-9-11,プレシャスキベシモ303,Yamaguchiken,Hagishi,Kibeshimo,4-9-11,Pureshasukibeshimo303,1994/08/26,25,A
15,川合博子,カワイヒロコ,KawaiHiroko,女,0732909379,09055691622,okawai@uejnwuo.ulk,646-0012,和歌山県,田辺市,神島台,2-13-19,,ワカヤマケン,タナベシ,カシマダイ,2-13-19,,Wakayamaken,Tanabeshi,Kashimadai,2-13-19,,1963/06/15,57,A
16,川合宣彦,カワイノブヒコ,KawaiNobuhiko,男,0286262439,,Nobuhiko_Kawai@lcgrfgr.cyn,320-0816,栃木県,宇都宮市,天神,3-1-16,ロイヤル天神106,トチギケン,ウツノミヤシ,テンジン,3-1-16,ロイヤルテンジン106,Tochigiken,Utsunomiyashi,Tenjin,3-1-16,Roiyarutenjin106,1946/05/24,74,AB
17,舟木愛実,フナキマナミ,FunakiManami,女,0877267278,08024715134,manami969@cefrq.fx,760-0047,香川県,高松市,塩屋町,3-14-11,,カガワケン,タカマツシ,シオヤマチ,3-14-11,,Kagawaken,Takamatsushi,Shioyamachi,3-14-11,,2005/10/09,14,O
18,内村洋一,ウチムラヨウイチ,UchimuraYouichi,男,0873765455,,youichi_uchimura@qetc.ae,761-8079,香川県,高松市,仏生山町乙,3-4,,カガワケン,タカマツシ,ブッショウザンチョウオツ,3-4,,Kagawaken,Takamatsushi,Busshouzanchouotsu,3-4,,1944/03/13,76,O
19,島津光昭,シマヅミツアキ,ShimazuMitsuaki,男,0259395641,09097250521,mitsuaki746@hfbdttsg.ean,959-1373,新潟県,加茂市,松坂町,2-14,,ニイガタケン,カモシ,マツサカチョウ,2-14,,Niigataken,Kamoshi,Matsusakachou,2-14,,1967/01/30,53,O
20,上原陽菜子,ウエハラヒナコ,UeharaHinako,女,0495141228,,Hinako_Uehara@jmxqbfwfqd.op,331-0822,埼玉県,さいたま市北区,奈良町,1-8,,サイタマケン,サイタマシキタク,ナラチョウ,1-8,,Saitamaken,Saitamashikitaku,Narachou,1-8,,1929/11/25,90,AB
21,沢田心空,サワダコア,SawadaKoa,男,0176312075,09081727427,koasawada@wgzrr.zz.rb,036-0172,青森県,平川市,葛川浅瀬石山,1-19,,アオモリケン,ヒラカワシ,クズカワアセイシヤマ,1-19,,Aomoriken,Hirakawashi,Kuzukawaaseishiyama,1-19,,1997/11/02,22,A
22,榎本千絵,エノモトチエ,EnomotoChie,女,044213328,09047409070,chie50523@uenvib.dzb,252-0151,神奈川県,相模原市緑区,三井,2-10,,カナガワケン,サガミハラシミドリク,ミイ,2-10,,Kanagawaken,Sagamiharashimidoriku,Mii,2-10,,1957/07/20,62,A
23,合田真,アイダマコト,AidaMakoto,男,0195857415,08032356606,makoto0568@brebmqa.yv.mze,023-0813,岩手県,奥州市,水沢中町,4-2-12,水沢中町ステージ418,イワテケン,オウシュウシ,ミズサワナカマチ,4-2-12,ミズサワナカマチステージ418,Iwateken,Oushuushi,Mizusawanakamachi,4-2-12,Mizusawanakamachisute-ji418,1997/03/26,23,A
24,長坂千咲,ナガサカチサキ,NagasakaChisaki,女,0442122843,,chisaki1440@sdjfw.jwnt.iov,261-0025,千葉県,千葉市美浜区,浜田,3-8-12,,チバケン,チバシミハマク,ハマダ,3-8-12,,Chibaken,Chibashimihamaku,Hamada,3-8-12,,1943/08/24,76,A
25,井本義男,イモトヨシオ,ImotoYoshio,男,0328876951,09085045237,yoshio076@xqtfvhmj.gqux.nsr,183-0023,東京都,府中市,宮町,2-9-20,,トウキョウト,フチュウシ,ミヤマチ,2-9-20,,Toukyouto,Fuchuushi,Miyamachi,2-9-20,,2001/07/10,18,A
26,古賀英倫,コガハナミチ,KogaHanamichi,男,0765411853,09060314581,hanamichi_koga@obqt.jn,923-0993,石川県,小松市,浮柳町,1-18,浮柳町の杜218,イシカワケン,コマツシ,ウキヤナギマチ,1-18,ウキヤナギマチノモリ218,Ishikawaken,Komatsushi,Ukiyanagimachi,1-18,Ukiyanagimachinomori218,2001/10/29,18,B
27,足立貞行,アダチサダユキ,AdachiSadayuki,男,0532462956,08058278860,sadayuki935@loxqcitj.wbip.gq,453-0865,愛知県,名古屋市中村区,川前町,2-17-8,川前町ロイヤル315,アイチケン,ナゴヤシナカムラク,カワマエチョウ,2-17-8,カワマエチョウロイヤル315,Aichiken,Nagoyashinakamuraku,Kawamaechou,2-17-8,Kawamaechouroiyaru315,1974/08/13,45,A
28,栗山慶太,クリヤマケイタ,KuriyamaKeita,男,0952717174,,keita16368@elmrnbhkbc.zwz,847-0032,佐賀県,唐津市,夕日,4-17-4,,サガケン,カラツシ,ユウヒ,4-17-4,,Sagaken,Karatsushi,Yuuhi,4-17-4,,1927/05/18,93,A
29,藤島奈月,フジシマナツキ,FujishimaNatsuki,女,02508367,09012589470,natsuki812@hkpf.lz,949-8442,新潟県,十日町市,重地,1-12-8,,ニイガタケン,トオカマチシ,ジュウジ,1-12-8,,Niigataken,Tookamachishi,Juuji,1-12-8,,1979/05/11,41,O
30,武内真翔,タケウチマナト,TakeuchiManato,男,0859616440,08041344685,otakeuchi@ztybj.lc,680-0523,鳥取県,八頭郡八頭町,小別府,2-2,,トットリケン,ヤズグンヤズチョウ,コベフ,2-2,,Tottoriken,Yazugunyazuchou,Kobefu,2-2,,2008/10/04,11,B
31,青木彩花,アオキアヤカ,AokiAyaka,女,0876089101,,ayaka716@kvhks.fa,760-0092,香川県,高松市,女木町,3-1-6,女木町ヒル103,カガワケン,タカマツシ,メギチョウ,3-1-6,メギチョウヒル103,Kagawaken,Takamatsushi,Megichou,3-1-6,Megichouhiru103,1934/09/11,85,A
32,相原洋二,アイハラヨウジ,AiharaYouji,男,0968655639,,youji913@ewqybb.pnm,860-0051,熊本県,熊本市西区,二本木,1-4-14,二本木コート316,クマモトケン,クマモトシニシク,ニホンギ,1-4-14,ニホンギコート316,Kumamotoken,Kumamotoshinishiku,Nihongi,1-4-14,Nihongiko-to316,1929/04/04,91,O
33,北原里緒,キタハラリオ,KitaharaRio,女,0742881952,08061303856,okitahara@bjxk.oy,639-1163,奈良県,大和郡山市,西奈良口町,1-10-6,,ナラケン,ヤマトコオリヤマシ,ニシナラグチチョウ,1-10-6,,Naraken,Yamatokooriyamashi,Nishinaraguchichou,1-10-6,,1973/12/07,46,O
34,富沢貴士,トミザワタカシ,TomizawaTakashi,男,0450075298,09054764844,takashi14838@irsf.kk.fw,335-0004,埼玉県,蕨市,中央,2-9,中央タワー312,サイタマケン,ワラビシ,チュウオウ,2-9,チュウオウタワー312,Saitamaken,Warabishi,Chuuou,2-9,Chuuoutawa-312,1977/06/08,43,A
35,阪本和正,サカモトカズマサ,SakamotoKazumasa,男,095439771,,kazumasa985@pisrulkqca.hbcb.bj,848-0041,佐賀県,伊万里市,新天町,1-13-10,,サガケン,イマリシ,シンテンチョウ,1-13-10,,Sagaken,Imarishi,Shintenchou,1-13-10,,1924/04/29,96,A
36,辻洋次,ツジヨウジ,TsujiYouji,男,0241765729,,youji2171@yucgd.wya,961-0304,福島県,白河市,東工業団地,1-16-19,,フクシマケン,シラカワシ,ヒガシコウギョウダンチ,1-16-19,,Fukushimaken,Shirakawashi,Higashikougyoudanchi,1-16-19,,1937/06/18,82,O
37,大澤沙和,オオサワサワ,OosawaSawa,女,0928885770,09034226984,Sawa_Oosawa@ihyj.oo,822-1201,福岡県,田川郡福智町,金田,3-11-18,ロイヤル金田319,フクオカケン,タガワグンフクチマチ,カナダ,3-11-18,ロイヤルカナダ319,Fukuokaken,Tagawagunfukuchimachi,Kanada,3-11-18,Roiyarukanada319,1938/02/10,82,A
38,池上武一,イケガミタケイチ,IkegamiTakeichi,男,0173776032,09070631376,takeichi_ikegami@cjbho.cpl,039-3147,青森県,上北郡野辺地町,下与田川,1-5,下与田川タウン403,アオモリケン,カミキタグンノヘジマチ,シモヨタガワ,1-5,シモヨタガワタウン403,Aomoriken,Kamikitagumnohejimachi,Shimoyotagawa,1-5,Shimoyotagawataun403,2001/07/16,18,A
39,石山絵里,イシヤマエリ,IshiyamaEri,女,0776746259,08074000133,eri_ishiyama@jxcg.lev,917-0352,福井県,小浜市,深谷,3-14-11,ハイツ深谷407,フクイケン,オバマシ,フカタニ,3-14-11,ハイツフカタニ407,Fukuiken,Obamashi,Fukatani,3-14-11,Haitsufukatani407,1962/01/20,58,A
40,前島花音,マエジマカノン,MaejimaKanon,女,0245742543,,kanon_maejima@wqfulk.ucq,962-0807,福島県,須賀川市,境免,3-10,,フクシマケン,スカガワシ,サカイメン,3-10,,Fukushimaken,Sukagawashi,Sakaimen,3-10,,1936/07/28,83,A
41,松井正好,マツイマサヨシ,MatsuiMasayoshi,男,0574845427,,masayoshi699@bpsargwott.io,501-0504,岐阜県,揖斐郡大野町,野,3-4-7,,ギフケン,イビグンオオノチョウ,ノ,3-4-7,,Gifuken,Ibigunoonochou,No,3-4-7,,1921/04/27,99,A
42,岡本華乃,オカモトカノ,OkamotoKano,女,0164827398,08029864090,wuhegsywjaqhngkano272@ttrsuxbk.gf,044-0013,北海道,虻田郡倶知安町,南三条東,4-2-16,南三条東プレシャス311,ホッカイドウ,アブタグンクッチャンチョウ,ミナミ3ジョウヒガシ,4-2-16,ミナミ3ジョウヒガシプレシャス311,Hokkaidou,Abutagunkucchanchou,Minami3jouhigashi,4-2-16,Minami3jouhigashipureshasu311,1983/08/15,36,A
43,吉原凛子,ヨシワラリンコ,YoshiwaraRinko,女,0884609757,09047767024,Rinko_Yoshiwara@xqbrzj.li,784-0024,高知県,安芸市,千歳町,1-12-17,,コウチケン,アキシ,チトセチョウ,1-12-17,,Kouchiken,Akishi,Chitosechou,1-12-17,,1970/02/17,50,A
44,山岡冬威,ヤマオカトウイ,YamaokaToui,男,0551876666,09020111795,Toui_Yamaoka@vgtivuug.ps,431-3301,静岡県,浜松市天竜区,横川,3-14-3,,シズオカケン,ハママツシテンリュウク,ヨコカワ,3-14-3,,Shizuokaken,Hamamatsushitenryuuku,Yokokawa,3-14-3,,2001/04/28,19,O
45,片桐二千花,カタギリニチカ,KatagiriNichika,女,0187295798,08093131797,nichika67678@trfvqdln.dl,010-1651,秋田県,秋田市,豊岩石田坂,1-1-10,,アキタケン,アキタシ,トヨイワイシダザカ,1-1-10,,Akitaken,Akitashi,Toyoiwaishidazaka,1-1-10,,2001/07/24,18,O
46,有田美智子,アリタミチコ,AritaMichiko,女,018251821,09028951775,michiko4628@mnpazytlj.bg,012-0107,秋田県,湯沢市,稲庭町,3-11-10,,アキタケン,ユザワシ,イナニワチョウ,3-11-10,,Akitaken,Yuzawashi,Inaniwachou,3-11-10,,1979/09/15,40,B
47,杉田志郎,スギタシロウ,SugitaShirou,男,0495500458,08077410247,shirou862@kjsc.jzoi.qk,273-0121,千葉県,鎌ケ谷市,初富,2-5-18,,チバケン,カマガヤシ,ハツトミ,2-5-18,,Chibaken,Kamagayashi,Hatsutomi,2-5-18,,1970/11/15,49,B
48,田所明仁,タドコロアキヒト,TadokoroAkihito,男,0410302281,08072917933,Akihito_Tadokoro@zwzqsmxnz.ety,367-0006,埼玉県,本庄市,田中,4-7-10,,サイタマケン,ホンジョウシ,タナカ,4-7-10,,Saitamaken,Honjoushi,Tanaka,4-7-10,,2000/02/27,20,B
49,粕谷雅樹,カスヤマサキ,KasuyaMasaki,男,0845061043,08043419560,masakikasuya@qplznuldwt.lx.okf,729-5743,広島県,庄原市,西城町中迫,4-10,ロイヤル西城町中迫413,ヒロシマケン,ショウバラシ,サイジョウチョウナカザコ,4-10,ロイヤルサイジョウチョウナカザコ413,Hiroshimaken,Shoubarashi,Saijouchounakazako,4-10,Roiyarusaijouchounakazako413,1970/07/07,49,AB
50,原口昭,ハラグチアキラ,HaraguchiAkira,男,0820873780,09070667404,akira89401@bfvvefzggw.nvc,731-5114,広島県,広島市佐伯区,美鈴が丘西,2-10-9,美鈴が丘西ヒル317,ヒロシマケン,ヒロシマシサエキク,ミスズガオカニシ,2-10-9,ミスズガオカニシヒル317,Hiroshimaken,Hiroshimashisaekiku,Misuzugaokanishi,2-10-9,Misuzugaokanishihiru317,1984/09/22,35,B
51,根岸陽保,ネギシハルヤス,NegishiHaruyasu,男,0880635067,08088982400,unegishi@qnsb.er,779-3501,徳島県,吉野川市,美郷倉羅,4-13-4,,トクシマケン,ヨシノガワシ,ミサトクララ,4-13-4,,Tokushimaken,Yoshinogawashi,Misatokurara,4-13-4,,1991/04/04,29,O
52,宮川行雄,ミヤカワユキオ,MiyakawaYukio,男,0581642401,09066773009,yukiomiyakawa@ykfxa.zko,503-0113,岐阜県,安八郡安八町,北今ケ渕,4-1,ヴィレッジ北今ケ渕313,ギフケン,アンパチグンアンパチチョウ,キタイマガフチ,4-1,ヴィレッジキタイマガフチ313,Gifuken,Ampachigunampachichou,Kitaimagafuchi,4-1,Virejjikitaimagafuchi313,1976/07/25,43,A
53,塩田敏昭,シオダトシアキ,ShiodaToshiaki,男,0546244221,09074425400,toshiakishioda@rnrhvtd.ohrpv.ni,420-0039,静岡県,静岡市葵区,上石町,1-4,,シズオカケン,シズオカシアオイク,カミゴクチョウ,1-4,,Shizuokaken,Shizuokashiaoiku,Kamigokuchou,1-4,,1983/07/25,36,O
54,玉城雅江,タマキマサエ,TamakiMasae,女,0857352467,,masae_tamaki@nwxjjg.kwy,689-0201,鳥取県,鳥取市,伏野,1-9-18,,トットリケン,トットリシ,フシノ,1-9-18,,Tottoriken,Tottorishi,Fushino,1-9-18,,1938/11/25,81,B
55,八木秀星,ヤギシュウセイ,YagiShuusei,男,029562071,08078187479,shuusei8109@kqlradbmfq.ewm.ci,300-2305,茨城県,つくばみらい市,重右衛門新田,4-4-16,,イバラキケン,ツクバミライシ,ジュウエモンシンデン,4-4-16,,Ibarakiken,Tsukubamiraishi,Juuemonshinden,4-4-16,,1995/03/02,25,A
56,黒岩忠,クロイワタダシ,KuroiwaTadashi,男,0790879179,08042266297,ajkssxqehgjmbtadashi729@pvwrho.hi,673-1125,兵庫県,三木市,吉川町田谷,4-9,,ヒョウゴケン,ミキシ,ヨカワチョウタヤ,4-9,,Hyougoken,Mikishi,Yokawachoutaya,4-9,,1968/06/11,52,B
57,高梨翔太,タカナシショウタ,TakanashiShouta,男,0970729751,09048565779,shouta778@tdkrhjaus.zfy.yx,870-0832,大分県,大分市,上野町,1-10-2,,オオイタケン,オオイタシ,ウエノマチ,1-10-2,,Ooitaken,Ooitashi,Uenomachi,1-10-2,,1959/11/12,60,A
58,郡司美羽,グンジミウ,GunjiMiu,女,0766581813,,Miu_Gunji@wbntavfsxo.rug,939-1306,富山県,砺波市,宮村,4-15,,トヤマケン,トナミシ,ミヤムラ,4-15,,Toyamaken,Tonamishi,Miyamura,4-15,,2006/06/21,13,B
59,小玉岩生,コダマイワオ,KodamaIwao,男,0554060356,09076909440,iwao0990@njlykn.gne,402-0025,山梨県,都留市,法能,3-5-1,,ヤマナシケン,ツルシ,ホウノウ,3-5-1,,Yamanashiken,Tsurushi,Hounou,3-5-1,,1964/09/16,55,O
60,百瀬万桜,モモセマオ,MomoseMao,女,0568309476,08064046690,mao4428@vilsfb.aex,484-0946,愛知県,犬山市,東大円,1-12-8,東大円アパート305,アイチケン,イヌヤマシ,ヒガシダイエン,1-12-8,ヒガシダイエンアパート305,Aichiken,Inuyamashi,Higashidaien,1-12-8,Higashidaienapa-to305,2000/06/06,20,O
61,柳璃花,ヤナギリカ,YanagiRika,女,0863675639,08029963868,ayanagi@bzmss.ww,714-0005,岡山県,笠岡市,新賀,2-15-1,新賀マンション414,オカヤマケン,カサオカシ,シンガ,2-15-1,シンガマンション414,Okayamaken,Kasaokashi,Shinga,2-15-1,Shingamanshon414,1994/12/21,25,A
62,長井揚子,ナガイヨウコ,NagaiYouko,女,0734368747,09089092429,dmjmfhngb=-ocayouko38841@ippkfmfd.tq.cdk,645-0203,和歌山県,日高郡みなべ町,島之瀬,1-7-2,ロイヤルパレス島之瀬318,ワカヤマケン,ヒダカグンミナベチョウ,シマノセ,1-7-2,ロイヤルパレスシマノセ318,Wakayamaken,Hidakagunminabechou,Shimanose,1-7-2,Roiyaruparesushimanose318,1990/01/08,30,A
63,塚田敏雄,ツカダトシオ,TsukadaToshio,男,0234133370,,toshio1487@cmrtebxgyx.rws,999-1201,山形県,西置賜郡小国町,沼沢,2-4-19,,ヤマガタケン,ニシオキタマグンオグニマチ,ヌマザワ,2-4-19,,Yamagataken,Nishiokitamagunogunimachi,Numazawa,2-4-19,,1933/11/15,86,B
64,堀井穂花,ホリイホノカ,HoriiHonoka,女,0749013033,09082875940,Honoka_Horii@mvtu.qhd,522-0352,滋賀県,犬上郡多賀町,久徳,1-1-15,,シガケン,イヌカミグンタガチョウ,キュウトク,1-1-15,,Shigaken,Inukamiguntagachou,Kyuutoku,1-1-15,,1989/12/28,30,A
65,大矢数子,オオヤカズコ,OoyaKazuko,女,0858139862,08029689816,kazuko_ooya@ibbpy.sxe.ccy,680-0155,鳥取県,鳥取市,国府町国分寺,3-13-6,,トットリケン,トットリシ,コクフチョウコクブンジ,3-13-6,,Tottoriken,Tottorishi,Kokufuchoukokubunji,3-13-6,,1972/04/24,48,A
66,笹川優月,ササガワユヅキ,SasagawaYuzuki,女,0970711011,09035219320,yuzuki2861@xieny.ged.ug,879-0911,大分県,杵築市,大田波多方,2-3-5,,オオイタケン,キツキシ,オオタハダカタ,2-3-5,,Ooitaken,Kitsukishi,Ootahadakata,2-3-5,,1991/10/07,28,O
67,下山安則,シモヤマヤスノリ,ShimoyamaYasunori,男,0856484472,08034960118,hzj-lcyasunori14472@zvnsjn.mc,697-0512,島根県,浜田市,旭町来尾,3-18,,シマネケン,ハマダシ,アサヒチョウキタオ,3-18,,Shimaneken,Hamadashi,Asahichoukitao,3-18,,1994/05/21,26,AB
68,馬場文二,ババブンジ,BabaBunji,男,0738774812,09027741990,ibaba@jnojihxrsp.vhtb.yh,649-0164,和歌山県,海南市,下津町上,2-16,,ワカヤマケン,カイナンシ,シモツチョウカミ,2-16,,Wakayamaken,Kainanshi,Shimotsuchoukami,2-16,,1990/05/24,30,B
69,坪田正昭,ツボタマサアキ,TsubotaMasaaki,男,0593397869,,Masaaki_Tsubota@jpxw.bnl,518-0739,三重県,名張市,下三谷,2-19-3,,ミエケン,ナバリシ,シモミタニ,2-19-3,,Mieken,Nabarishi,Shimomitani,2-19-3,,1934/04/06,86,B
70,笹川章二,ササガワショウジ,SasagawaShouji,男,0855504315,,isasagawa@mtnv.ucx,690-2105,島根県,松江市,八雲町平原,2-10,プラチナ八雲町平原415,シマネケン,マツエシ,ヤクモチョウヒラハラ,2-10,プラチナヤクモチョウヒラハラ415,Shimaneken,Matsueshi,Yakumochouhirahara,2-10,Purachinayakumochouhirahara415,1949/01/22,71,B
71,秋田仁,アキタヒトシ,AkitaHitoshi,男,0197187135,08077739326,hitoshi63435@rrgell.wv.bfk,020-0634,岩手県,滝沢市,室小路,4-13-7,ヴィレッジ室小路404,イワテケン,タキザワシ,ムロコウジ,4-13-7,ヴィレッジムロコウジ404,Iwateken,Takizawashi,Murokouji,4-13-7,Virejjimurokouji404,1954/06/18,65,A
72,大庭政治,オオニワマサジ,OoniwaMasaji,男,0540192396,08059982675,masaji5685@kdsyabao.mdl,411-0934,静岡県,駿東郡長泉町,下長窪,1-4,タウン下長窪114,シズオカケン,スントウグンナガイズミチョウ,シモナガクボ,1-4,タウンシモナガクボ114,Shizuokaken,Suntougumnagaizumichou,Shimonagakubo,1-4,Taunshimonagakubo114,1984/09/20,35,A
73,大槻総一朗,オオツキソウイチロウ,OotsukiSouichirou,男,0848388470,09066242222,souichirou3726@fpsh.xoc,720-2105,広島県,福山市,神辺町十三軒屋,3-19-4,,ヒロシマケン,フクヤマシ,カンナベチョウジュウサンゲンヤ,3-19-4,,Hiroshimaken,Fukuyamashi,Kamnabechoujuusangenya,3-19-4,,1984/12/29,35,B
74,田淵宏美,タブチヒロミ,TabuchiHiromi,女,0676629621,08067427508,Hiromi_Tabuchi@cfasqibqce.kur,581-0054,大阪府,八尾市,南亀井町,1-4,,オオサカフ,ヤオシ,ミナミカメイチョウ,1-4,,Oosakafu,Yaoshi,Minamikameichou,1-4,,1985/03/27,35,O
75,中山日出夫,ナカヤマヒデオ,NakayamaHideo,男,0333364807,,hideonakayama@apsqjb.skf,197-0813,東京都,あきる野市,平沢東,1-5-20,,トウキョウト,アキルノシ,ヒラサワヒガシ,1-5-20,,Toukyouto,Akirunoshi,Hirasawahigashi,1-5-20,,1930/09/21,89,B
76,武井秀,タケイヒデ,TakeiHide,男,0283331133,08077243147,hide169@eqqesfl.ysn,321-4226,栃木県,芳賀郡益子町,上山,2-8-8,上山ステージ213,トチギケン,ハガグンマシコマチ,カミヤマ,2-8-8,カミヤマステージ213,Tochigiken,Hagagunmashikomachi,Kamiyama,2-8-8,Kamiyamasute-ji213,1934/07/29,85,O
77,福田正春,フクダマサハル,FukudaMasaharu,男,0237184435,08088546806,Masaharu_Fukuda@bvalkc.zhu,999-1342,山形県,西置賜郡小国町,大宮,2-10,グリーン大宮114,ヤマガタケン,ニシオキタマグンオグニマチ,オオミヤ,2-10,グリーンオオミヤ114,Yamagataken,Nishiokitamagunogunimachi,Oomiya,2-10,Guri-noomiya114,1959/07/09,60,O
78,庄司博昭,ショウジヒロアキ,ShoujiHiroaki,男,0493259313,,hiroakishouji@czswbvghok.jec,350-0411,埼玉県,入間郡越生町,黒岩,2-13-9,,サイタマケン,イルマグンオゴセマチ,クロイワ,2-13-9,,Saitamaken,Irumagunogosemachi,Kuroiwa,2-13-9,,1942/01/07,78,O
79,笹本恵美,ササモトエミ,SasamotoEmi,女,0765605450,,emi495@oyinkemwjm.pqn,936-0864,富山県,滑川市,金屋,4-8-1,,トヤマケン,ナメリカワシ,カナヤ,4-8-1,,Toyamaken,Namerikawashi,Kanaya,4-8-1,,1922/03/29,98,A
80,野間良昭,ノマヨシアキ,NomaYoshiaki,男,0856789794,08076612652,Yoshiaki_Noma@yfdyoesojd.iu,692-0006,島根県,安来市,西荒島町,3-19-9,,シマネケン,ヤスギシ,ニシアラシマチョウ,3-19-9,,Shimaneken,Yasugishi,Nishiarashimachou,3-19-9,,1998/03/15,22,A
81,池谷幸三,イケタニコウゾウ,IketaniKouzou,男,0735672450,08067162684,Kouzou_Iketani@weibjbihy.yhtk.ik,514-2306,三重県,津市,安濃町曽根,1-7-13,,ミエケン,ツシ,アノウチョウソネ,1-7-13,,Mieken,Tsushi,Anouchousone,1-7-13,,1937/07/10,82,B
82,前田幸也,マエダユキヤ,MaedaYukiya,男,0286908595,,yukiyamaeda@zxyepm.ysf,321-0107,栃木県,宇都宮市,江曽島,2-12-20,,トチギケン,ウツノミヤシ,エソジマ,2-12-20,,Tochigiken,Utsunomiyashi,Esojima,2-12-20,,1939/12/17,80,B
83,沢村三喜,サワムラミキ,SawamuraMiki,男,0883484013,,isawamura@qyywlgccu.up,779-0116,徳島県,板野郡板野町,唐園,1-16-15,,トクシマケン,イタノグンイタノチョウ,トウノソ,1-16-15,,Tokushimaken,Itanogunitanochou,Tounoso,1-16-15,,1931/09/14,88,A
84,本間夏奈,ホンマナツナ,HonmaNatsuna,女,0750022888,08040558524,natsuna99791@eetviukx.xdtd.sa,551-0013,大阪府,大阪市大正区,小林西,4-2,小林西アパート119,オオサカフ,オオサカシタイショウク,コバヤシニシ,4-2,コバヤシニシアパート119,Oosakafu,Oosakashitaishouku,Kobayashinishi,4-2,Kobayashinishiapa-to119,1998/11/04,21,O
85,岩城幸賢,イワキヨシサト,IwakiYoshisato,男,0282671709,,Yoshisato_Iwaki@dcnr.ps,329-1324,栃木県,さくら市,草川,1-6-7,,トチギケン,サクラシ,クサガワ,1-6-7,,Tochigiken,Sakurashi,Kusagawa,1-6-7,,2008/08/18,11,A
86,藤谷冬子,フジタニトウコ,FujitaniTouko,女,0881469943,08018766801,Touko_Fujitani@wwtrvhj.yyh,770-0872,徳島県,徳島市,北沖洲,3-18-6,,トクシマケン,トクシマシ,キタオキノス,3-18-6,,Tokushimaken,Tokushimashi,Kitaokinosu,3-18-6,,1993/10/17,26,A
87,宮田矩之,ミヤタノリユキ,MiyataNoriyuki,男,0228120167,09085760916,noriyuki7792@retugax.ix,981-2143,宮城県,伊具郡丸森町,虚空蔵下,4-16-4,,ミヤギケン,イググンマルモリマチ,コクゾウシモ,4-16-4,,Miyagiken,Igugunmarumorimachi,Kokuzoushimo,4-16-4,,1968/07/28,51,O
88,小森比呂,コモリヒロ,KomoriHiro,男,0229843123,08012512328,okomori@fwtoh.mlk,988-0232,宮城県,気仙沼市,長磯下原,4-10-10,,ミヤギケン,ケセンヌマシ,ナガイソシモバラ,4-10-10,,Miyagiken,Kesemnumashi,Nagaisoshimobara,4-10-10,,1982/03/05,38,A
89,大沢利子,オオサワトシコ,OosawaToshiko,女,0747941720,09094798498,toshikooosawa@bzdnxn.kb,639-2251,奈良県,御所市,戸毛,2-13,,ナラケン,ゴセシ,トウゲ,2-13,,Naraken,Goseshi,Touge,2-13,,1991/08/19,28,O
90,長尾隆志,ナガオタカシ,NagaoTakashi,男,058478767,09078402068,takashinagao@ukpwxowk.nmw,501-3303,岐阜県,加茂郡富加町,羽生,4-6-8,,ギフケン,カモグントミカチョウ,ハニュウ,4-6-8,,Gifuken,Kamoguntomikachou,Hanyuu,4-6-8,,1950/09/02,69,A
91,斎藤亜紀子,サイトウアキコ,SaitouAkiko,女,0892388183,09089504997,akiko4123@uarsxulxg.pa.km,790-0847,愛媛県,松山市,道後緑台,1-11-2,,エヒメケン,マツヤマシ,ドウゴミドリダイ,1-11-2,,Ehimeken,Matsuyamashi,Dougomidoridai,1-11-2,,1954/04/01,66,AB
92,栗田蒼依,クリタアオイ,KuritaAoi,女,0872190048,08047370428,aoi_kurita@dbcetcllfb.jt.utc,761-0905,香川県,さぬき市,大川町南川,1-6,,カガワケン,サヌキシ,オオカワマチミナミガワ,1-6,,Kagawaken,Sanukishi,Ookawamachiminamigawa,1-6,,1993/06/19,26,AB
93,石倉浩寿,イシクラヒロヒサ,IshikuraHirohisa,男,0748324171,08057450446,hirohisa8365@npsquym.gbw,520-3203,滋賀県,湖南市,日枝町,2-5-14,日枝町プラザ300,シガケン,コナンシ,ヒエチョウ,2-5-14,ヒエチョウプラザ300,Shigaken,Konanshi,Hiechou,2-5-14,Hiechoupuraza300,1994/01/09,26,B
94,根本恒雄,ネモトツネオ,NemotoTsuneo,男,0778438286,,tsuneonemoto@qhnazbe.ld,910-0367,福井県,坂井市,丸岡町羽崎,3-18-2,,フクイケン,サカイシ,マルオカチョウハサキ,3-18-2,,Fukuiken,Sakaishi,Maruokachouhasaki,3-18-2,,1937/09/02,82,O
95,永山典子,ナガヤマノリコ,NagayamaNoriko,女,0278193519,09082069540,noriko483@ypngoedm.vkrpz.vg,376-0308,群馬県,みどり市,東町小中,2-17-15,,グンマケン,ミドリシ,アズマチョウコナカ,2-17-15,,Gunmaken,Midorishi,Azumachoukonaka,2-17-15,,1972/11/16,47,A
96,本郷音葉,ホンゴウオトハ,HongouOtoha,女,0575147973,,otoha4113@lkotht.wu.yub,500-8839,岐阜県,岐阜市,蕪城町,3-11-7,,ギフケン,ギフシ,カブラギチョウ,3-11-7,,Gifuken,Gifushi,Kaburagichou,3-11-7,,1923/06/26,96,O
97,大塚民雄,オオツカタミオ,OotsukaTamio,男,0178728852,09075029172,tamio_ootsuka@syfzoqnl.ng,030-0947,青森県,青森市,浜館,1-8-15,,アオモリケン,アオモリシ,ハマダテ,1-8-15,,Aomoriken,Aomorishi,Hamadate,1-8-15,,1959/11/26,60,A
98,江藤瑠菜,エトウルナ,EtouRuna,女,0858763618,,runa40675@grqtidbetj.xdx,682-0158,鳥取県,東伯郡三朝町,笏賀,2-8-17,,トットリケン,トウハクグンミササチョウ,ツガ,2-8-17,,Tottoriken,Touhakugunmisasachou,Tsuga,2-8-17,,1942/05/05,78,O
99,熊田林檎,クマダリンゴ,KumadaRingo,女,0898841792,09027550119,okumada@rktjop.dg.lw,792-0804,愛媛県,新居浜市,田所町,3-10-17,,エヒメケン,ニイハマシ,タドコロチョウ,3-10-17,,Ehimeken,Niihamashi,Tadokorochou,3-10-17,,2006/07/05,13,AB
